Amino Acid,Hydrophobicity,Hydrophilicity,Hydropathy Index,Volume of Side Chains,Molecular Mass,Residue Weight, pI (25° C),Polarity,Polarizability,NCI,SASA,MaxASA,RSA = SASA / MaxASA,Abundance
A,0.62,-0.5,1.8,27.5,89.094,71.08,6.11,8.1,0.046,0.007187,1.181,129,0.00915503875968992,8.76
R,-2.53,3,-4.5,105,174.203,156.19,10.76,10.5,0.291,0.043587,2.56,274,0.00934306569343066,5.78
N,-0.78,2,-3.5,58.7,132.119,114.11,5.43,11.6,0.134,0.005392,1.655,195,0.00848717948717949,3.93
D,-0.9,3,-3.5,40,133.104,115.09,2.98,13,0.105,-0.02382,1.587,193,0.00822279792746114,5.49
C,0.29,-1,2.5,44.6,121.154,103.15,5.15,5.5,0.128,-0.03661,1.461,167,0.00874850299401198,1.38
Q,-0.85,0.2,-3.5,80.7,146.146,128.13,5.65,10.5,0.18,0.049211,1.932,225,0.00858666666666667,3.9
E,-0.74,3,-3.5,62,147.131,129.12,3.08,12.3,0.151,0.006802,1.862,223,0.00834977578475336,6.32
G,0.48,0,-0.4,0,75.067,57.05,6.06,9,0,0.179052,0.881,104,0.00847115384615385,7.03
H,-0.4,-0.5,-3.2,79,155.156,137.14,7.64,10.4,0.23,-0.01069,2.025,224,0.00904017857142857,2.26
I,1.38,-1.8,4.5,93.5,131.175,113.16,6.04,5.2,0.186,0.021631,1.81,197,0.00918781725888325,5.49
L,1.06,-1.8,3.8,93.5,131.175,113.16,6.04,4.9,0.186,0.051672,1.931,201,0.00960696517412935,9.68
K,-1.5,3,-3.9,100,146.189,128.18,9.47,11.3,0.219,0.017708,2.258,236,0.00956779661016949,5.19
M,0.64,-1.3,1.9,94.1,149.208,131.2,5.71,5.7,0.221,0.002683,2.034,224,0.00908035714285714,2.32
F,1.19,-2.5,2.8,115.5,165.192,147.18,5.76,5.2,0.29,0.037552,2.228,240,0.00928333333333333,3.87
P,0.12,0,-1.6,41.9,115.132,97.12,6.3,8,0.131,0.239531,1.468,159,0.00923270440251572,5.02
S,-0.18,0.3,-0.8,29.3,105.093,87.08,5.7,9.2,0.062,0.004627,1.298,155,0.0083741935483871,7.14
T,-0.05,-0.4,-0.7,51.3,119.119,101.11,5.6,8.6,0.108,0.003352,1.525,172,0.00886627906976744,5.53
W,0.81,-3.4,-0.9,145.5,204.228,186.22,5.88,5.4,0.409,0.037977,2.663,285,0.00934385964912281,1.25
Y,0.26,-2.3,-1.3,117.3,181.191,163.18,5.63,6.2,0.298,0.023599,2.368,263,0.00900380228136882,2.91
V,1.08,-1.5,4.2,71.5,117.148,99.13,6.02,5.9,0.14,0.057004,1.645,174,0.00945402298850575,6.73
